outlet_id,outlet_name,url,outlet_type,community_id,city,state
166,Acworth Patch,http://patch.com/georgia/acworth,Online Only,1,"Acworth, GA",GA
45,AdVantage News,http://advantagenews.com/,Online Only,2,"Alton, IL",IL
209,Alton Telegraph,http://thetelegraph.com/,Newspaper/Magazine,2,"Alton, IL",IL
301,Alton Daily News,http://www.altondailynews.com/,Online Only,2,"Alton, IL",IL
521,Riverbender.com,http://www.riverbender.com/,Online Only,2,"Alton, IL",IL
586,WBGZ AM 1570,http://www.wbgzradio.com/,Radio Station,2,"Alton, IL",IL
4,Ann Arbor Observer,http://annarborobserver.com/articles/front_page.html,Newspaper/Magazine,3,"Ann Arbor, MI",MI
134,MGoBlog,http://mgoblog.com/,Online Only,3,"Ann Arbor, MI",MI
136,WUOM FM 91.7,http://michiganradio.org/#stream/0,Radio Station,3,"Ann Arbor, MI",MI
144,Native American Netroots,http://nativeamericannetroots.net/,Online Only,3,"Ann Arbor, MI",MI
217,Vacuum weblog for Edward Vielmetti,http://vielmetti.github.io/,Online Only,3,"Ann Arbor, MI",MI
271,WLBY AM 1290,http://www.1290wlby.com/,Radio Station,3,"Ann Arbor, MI",MI
297,A2Politico,http://www.a2politico.com/,Online Only,3,"Ann Arbor, MI",MI
303,Ann Arbor Business Review Magazine,http://www.annarborbusinessmagazine.com/,Newspaper/Magazine,3,"Ann Arbor, MI",MI
304,WQKL FM 107.1,http://www.annarbors107one.com/,Radio Station,3,"Ann Arbor, MI",MI
340,Community Television Network,http://www.ctnannarborblog.org/,TV Station,3,"Ann Arbor, MI",MI
344,Damn Arbor,http://www.damnarbor.com/,Online Only,3,"Ann Arbor, MI",MI
467,Ann Arbor News (redirects from AnnArbor.com),http://www.mlive.com/ann-arbor/,Newspaper/Magazine,3,"Ann Arbor, MI",MI
505,Between the Lines (known as PrideSource online),http://www.pridesource.com/,Online Only,3,"Ann Arbor, MI",MI
550,WFHD TV 27,http://www.tct.tv/,Newspaper/Magazine,3,"Ann Arbor, MI",MI
567,Ann Arbor Jounral (A2) (now named The News Herald?),http://www.thenewsherald.com/,Newspaper/Magazine,3,"Ann Arbor, MI",MI
582,WWWW FM 102.9,http://www.w4country.com/,Radio Station,3,"Ann Arbor, MI",MI
583,WAAM AM 1600,http://www.waamradio.com/,Radio Station,3,"Ann Arbor, MI",MI
588,WCBN-FM 88.3,http://www.wcbn.org/,Radio Station,3,"Ann Arbor, MI",MI
634,WTKA AM 1050,http://www.wtka.com/,Radio Station,3,"Ann Arbor, MI",MI
656,WDEO AM 990,https://avemariaradio.net/wdeo-990-am/,Radio Station,3,"Ann Arbor, MI",MI
21,Local in Ann Arbor,https://localinannarbor.com/,Online Only,3,"Ann Arbor, MI",MI
28,Michigan Daily,https://www.michigandaily.com/,Newspaper/Magazine,3,"Ann Arbor, MI",MI
5,Antioch Herald,http://antiochherald.com/,Online Only,4,"Antioch, CA",CA
74,East County Today,http://eastcountytoday.net/,Newspaper/Magazine,4,"Antioch, CA",CA
350,East County Times,http://www.eastbaytimes.com/east-county-times,Newspaper/Magazine,4,"Antioch, CA",CA
568,Antioch Press,http://www.thepress.net/,Newspaper/Magazine,4,"Antioch, CA",CA
47,K246CL 97.1 FM,http://amp.cbslocal.com/,Radio Station,5,"Apple Valley, CA",CA
118,KWRN AM 1550,http://kwrn1550am.com/,Radio Station,5,"Apple Valley, CA",CA
305,Apple Valley Review,http://www.applevalley-review.com/,Online Only,5,"Apple Valley, CA",CA
352,K210DL 89.9 FM,http://www.effectradio.com/,Radio Station,5,"Apple Valley, CA",CA
450,Lucerne Valley Leader,http://www.lucernevalleyleader.com/,Online Only,5,"Apple Valley, CA",CA
548,KIXW AM 960,http://www.talk960.com/,Radio Station,5,"Apple Valley, CA",CA
642,KZXY FM 102.3,http://www.y102fm.com/,Radio Station,5,"Apple Valley, CA",CA
309,Bay City Democrat and the Bay County Legal News,http://www.bclegalnews.com/,Newspaper/Magazine,6,"Bay City, MI",MI
346,WUCX FM 90.1,http://www.deltabroadcasting.org/home/,Radio Station,6,"Bay City, MI",MI
414,WLKB FM 89.1,http://www.klove.com/,Radio Station,6,"Bay City, MI",MI
468,The Bay City Times (online at MLive),http://www.mlive.com/bay-city/,Newspaper/Magazine,6,"Bay City, MI",MI
475,WHNN FM 96.1,http://www.my961.com/,Radio Station,6,"Bay City, MI",MI
477,My Bay City,http://www.mybaycity.com,Online Only,6,"Bay City, MI",MI
556,WBSF TV 46,http://www.thecw46.com/,TV Station,6,"Bay City, MI",MI
590,WCHW FM 91.3,http://www.wchwonline.freewebspace.com/,Radio Station,6,"Bay City, MI",MI
608,WIOG FM 102.5,http://www.wiog.com/,Radio Station,6,"Bay City, MI",MI
618,WNEM TV 5,http://www.wnem.com/,TV Station,6,"Bay City, MI",MI
46,WZDA FM 103.9,http://altdayton.iheart.com/,Radio Station,7,"Beavercreek, OH",OH
6,Beavercreek News Current,http://beavercreeknewscurrent.com/,Newspaper/Magazine,7,"Beavercreek, OH",OH
51,Beavercreek Record,http://beavercreekrecord.com/,Newspaper/Magazine,7,"Beavercreek, OH",OH
26,The Bearvercreek Ohio Buzz,https://www.facebook.com/The-Beavercreek-Ohio-Buzz-219750630759/,Online Only,7,"Beavercreek, OH",OH
160,Belmont Patch,http://patch.com/california/belmont-ca,Online Only,8,"Belmont, CA",CA
7,BevCam,http://bevcam.org/,TV Station,10,"Beverly, MA",MA
52,Beverly Citizen,http://beverly.wickedlocal.com/,Newspaper/Magazine,10,"Beverly, MA",MA
171,Beverly Patch,http://patch.com/massachusetts/beverly,Online Only,10,"Beverly, MA",MA
525,The Salem News,http://www.salemnews.com/,Newspaper/Magazine,10,"Beverly, MA",MA
66,Biddeford Courier,http://courier.mainelymediallc.com/,Newspaper/Magazine,11,"Biddeford, ME",ME
190,South Portland Sentry,http://sentry.mainelymediallc.com/,Newspaper/Magazine,11,"Biddeford, ME",ME
224,WCYY FM 94.3,http://wcyy.com/,Radio Station,11,"Biddeford, ME",ME
230,WGIN 1400 AM,http://wgan.com/,Radio Station,11,"Biddeford, ME",ME
393,York County Journal Tribune,http://www.journaltribune.com/,Newspaper/Magazine,11,"Biddeford, ME",ME
473,WMEA TV 45,http://www.mpbn.net/,TV Station,11,"Biddeford, ME",ME
42,K231AA 94.1 FM,http://957theparty.iheart.com/,Radio Station,12,"Boulder, CO",CO
55,Bizwest,http://bizwest.com/,Online Only,12,"Boulder, CO",CO
64,KJAC FM 105.5,http://coloradosound.org/,Radio Station,12,"Boulder, CO",CO
68,CU Independent,http://cuindependent.com/,Newspaper/Magazine,12,"Boulder, CO",CO
85,Boulder Magazine,http://getboulder.com/,Newspaper/Magazine,12,"Boulder, CO",CO
99,KBCO FM 97.3,http://kbco.iheart.com/,Radio Station,12,"Boulder, CO",CO
147,New West,http://newwest.net/,Online Only,12,"Boulder, CO",CO
149,KTFD-DTV 14,http://noticias.entravision.com/colorado/,TV Station,NA,"Boulder, Co",Co
202,Street Fight,http://streetfightmag.com/,Online Only,12,"Boulder, CO",CO
280,Boulder 50 Plus Marketplace News,http://www.50plusmarketplacenews.com/,Online Only,12,"Boulder, CO",CO
284,KWOF 101.7 FM,http://www.925thewolf.com/,Radio Station,12,"Boulder, CO",CO
289,KXPK 96.5 FM,http://www.965tricolor.com/,Radio Station,12,"Boulder, CO",CO
312,KBFR FB 95.3,http://www.boulderfreeradio.org/,Radio Station,12,"Boulder, CO",CO
313,Boulder Weekly,http://www.boulderweekly.com/,Newspaper/Magazine,12,"Boulder, CO",CO
329,Colorado Daily,http://www.coloradodaily.com/,Newspaper/Magazine,12,"Boulder, CO",CO
334,KCFC AM 1490,http://www.cpr.org/,Radio Station,12,"Boulder, CO",CO
335,KVOQ 102.3 FM,http://www.cpr.org/openair,Radio Station,12,"Boulder, CO",CO
336,K48MN-D TV 12,http://www.cpt12.org/,TV Station,12,"Boulder, CO",CO
341,Boulder Daily Camera,http://www.dailycamera.com/,Newspaper/Magazine,12,"Boulder, CO",CO
409,KGNU AM 1390,http://www.kgnu.org/,Radio Station,12,"Boulder, CO",CO
420,KVKL 105.1 FM,http://www.kool105.com/,Radio Station,12,"Boulder, CO",CO
437,KYGO 98.5 FM,http://www.kygo.com/,Radio Station,12,"Boulder, CO",CO
466,KIMN 100.3 FM,http://www.mix100.com/,Radio Station,12,"Boulder, CO",CO
472,Mountain Gazette Magazine,http://www.mountaingazette.com/,Newspaper/Magazine,12,"Boulder, CO",CO
495,OutBoulder,http://www.outboulder.org/blog,Online Only,12,"Boulder, CO",CO
510,KVCU AM 1190,http://www.radio1190.org/,Radio Station,12,"Boulder, CO",CO
522,K24HQ-D TV 6,http://www.rmpbs.org/home/,TV Station,12,"Boulder, CO",CO
572,Rooster Magazine,http://www.therooster.com/,Online Only,12,"Boulder, CO",CO
8,Bozeman Magazine,http://bozemanmagazine.com/,Newspaper/Magazine,13,"Bozeman, MT",MT
83,KGVM-LP 95.9,http://gallatincommunityradio.org/,Radio Station,13,"Bozeman, MT",MT
84,KJZS-LP 106.3 FM,http://gbcmt.org/services/Radio,Radio Station,13,"Bozeman, MT",MT
100,KBOZ-FM 99.9,http://kboz.com/,Radio Station,13,"Bozeman, MT",MT
108,KMMS-AM 1450,http://kmmsam.com/,Radio Station,13,"Bozeman, MT",MT
140,KMMS-FM 95.1,http://mooseradio.com/,TV Station,13,"Bozeman, MT",MT
141,KZMY-FM 103.5,http://my1035.com/,Radio Station,13,"Bozeman, MT",MT
298,KWYB-TV 19,http://www.abcfoxmontana.com/,TV Station,13,"Bozeman, MT",MT
314,Bozeman Magpie,http://www.bozeman-magpie.com/,Online Only,13,"Bozeman, MT",MT
315,Bozeman Daily Chronicle,http://www.bozemandailychronicle.com/,Newspaper/Magazine,13,"Bozeman, MT",MT
396,KBZK-TV 7,http://www.kbzk.com/,TV Station,13,"Bozeman, MT",MT
407,KGLT-FM 91.9,http://www.kglt.net/,Radio Station,13,"Bozeman, MT",MT
419,"KOFK-LP 88.5, 98.3",http://www.kofkradio.org/,Radio Station,13,"Bozeman, MT",MT
471,KUSM-TV 9,http://www.montanapbs.org/,TV Station,13,"Bozeman, MT",MT
484,KDBZ-TV 6,http://www.nbcmontana.com/,TV Station,13,"Bozeman, MT",MT
511,KZBN-FM 90.3,http://www.radio74.net/,Radio Station,13,"Bozeman, MT",MT
560,Gallatin County News,http://www.thegallatincountynews.com/pages/index.php,Newspaper/Magazine,13,"Bozeman, MT",MT
645,K262AZ 100.3 FM,http://www.ynop.org/,Radio Station,13,"Bozeman, MT",MT
655,KBMC-FM 102.1,http://ypradio.org/,Radio Station,13,"Bozeman, MT",MT
94,KHKE FM 89.5,http://iowapublicradio.org/,Radio Station,14,"Cedar Falls, IA",IA
97,KOEL 98.5 FM,http://k985.com/,Radio Station,14,"Cedar Falls, IA",IA
170,Cedar Falls Patch,http://patch.com/iowa/cedarfalls,Online Only,14,"Cedar Falls, IA",IA
222,Waterloo Cedar Falls Courier,http://wcfcourier.com/,Newspaper/Magazine,14,"Cedar Falls, IA",IA
279,KCNZ AM 1650,http://www.1650thefan.com/,Radio Station,14,"Cedar Falls, IA",IA
397,KCFI AM 1250,http://www.kcfiradio.com/,Radio Station,14,"Cedar Falls, IA",IA
492,Northern Iowan,http://www.northerniowan.com/,Newspaper/Magazine,14,"Cedar Falls, IA",IA
30,KULT-LP FM 94.5,https://www.uni.edu/kult/,Radio Station,14,"Cedar Falls, IA",IA
95,Journal Gazette & Times Courier,http://jg-tc.com/,Newspaper/Magazine,15,"Charleston, IL",IL
342,The Daily Eastern News,http://www.dailyeasternnews.com/,Newspaper/Magazine,15,"Charleston, IL",IL
482,WWGO FM 92.1,http://www.myradiolink.com/,Radio Station,15,"Charleston, IL",IL
19,W213AW 90.5 FM,http://www.vcyamerica.org/,Radio Station,15,"Charleston, IL",IL
594,WEIU FM 88.9,http://www.weiu.net/,2 and 3,15,"Charleston, IL",IL
67,W227CR 93.3 FM,http://covnetpres.org/,Radio Station,15,"Charleston, IL",IL
62,Town of Cicero News Wire,http://ciceronewswire.blogspot.com/,Online Only,16,"Cicero, IL",IL
121,WLEY 107.9 FM,http://laley1079.lamusica.com/,Radio Station,16,"Cicero, IL",IL
253,WRLL AM 1450,http://wrll1450.com/,Radio Station,16,"Cicero, IL",IL
444,Lawndale News,http://www.lawndalenews.com/,Newspaper/Magazine,16,"Cicero, IL",IL
589,WCEV AM 1450,http://www.wcev1450.com/,Radio Station,16,"Cicero, IL",IL
65,Coppell Student Media,http://coppellstudentmedia.com/,Online Only,17,"Coppell, TX",TX
198,Coppell Gazette,http://starlocalmedia.com/coppellgazette/,Newspaper/Magazine,17,"Coppell, TX",TX
331,Coppell Citizens Advocate,http://www.coppellcitizensadvocate.com/,Newspaper/Magazine,17,"Coppell, TX",TX
659,Coppell on Bubble Life,https://coppell.bubblelife.com/,Online Only,17,"Coppell, TX",TX
185,Punjab Star News,http://punjabstarnews.com/,Newspaper/Magazine,18,"Corona, CA",CA
390,InnerCircle Corona,http://www.innercirclecorona.com/,Online Only,18,"Corona, CA",CA
434,KWRM-AM 1370,http://www.kwrm1370am.com/,Radio Station,18,"Corona, CA",CA
445,Life in Corona,http://www.lifeincorona.com/,Online Only,18,"Corona, CA",CA
514,KGIC-LP 105.5 FM,http://www.radioimpacto.org/,Radio Station,18,"Corona, CA",CA
552,KVEA TV 52,http://www.telemundo52.com/,TV Station,18,"Corona, CA",CA
573,The Sentinel Weekly,http://www.thesentinelweekly.com/,Newspaper/Magazine,18,"Corona, CA",CA
103,K278BP KFXN 100.3,http://kfan.iheart.com/,Radio Station,19,"Cottage Grove, MN",MN
546,South Washington County Bulletin,http://www.swcbulletin.com/,Newspaper/Magazine,19,"Cottage Grove, MN",MN
169,Darien Patch,http://patch.com/illinois/darien-il,Online Only,20,"Darien, IL",IL
72,Delaware State News and Maryland State News,http://delawarestatenews.net/,Newspaper/Magazine,21,"Dover, DE",DE
221,W277AH 103.3 FM,http://wceiradio.com/,Radio Station,21,"Dover, DE",DE
226,WDSD FM 94.7,http://wdsd.iheart.com/,Radio Station,21,"Dover, DE",DE
254,WRTX FM 91.7,http://wrti.org/,Radio Station,21,"Dover, DE",DE
321,WIHW-LP 96.1,http://www.cbcofdover.com/,Radio Station,21,"Dover, DE",DE
345,Delaware Politics,http://www.delawarepolitics.net/,Online Only,21,"Dover, DE",DE
349,Dover Post,http://www.doverpost.com/,Newspaper/Magazine,21,"Dover, DE",DE
356,W281BD 104.1 FM,http://www.espn930.com/,Radio Station,21,"Dover, DE",DE
483,W294BN 106.7 FM,http://www.myreachradio.com/,Radio Station,21,"Dover, DE",DE
616,WMDE TV 36,http://www.wmdetv.com/,TV Station,21,"Dover, DE",DE
617,WEVD-LP,http://www.wmdt.com/,TV Station,21,"Dover, DE",DE
660,Caesar Rodney Institute Blog,https://criblog.wordpress.com/,Online Only,21,"Dover, DE",DE
265,WXOS 101.1 FM,http://www.101sports.com/,Radio Station,22,"East St. Louis, IL",IL
359,The East St. Louis Monitor,http://www.estlmonitor.com/,Newspaper/Magazine,22,"East St. Louis, IL",IL
627,WQQX AM 1490,http://www.wqqx1490am.com/,Radio Station,22,"East St. Louis, IL",IL
240,WKUE FM 90.9,http://wkyufm.org/,Radio Station,23,"Elizabethtown, KY",KY
365,Fort Knox Gold Standard,http://www.fkgoldstandard.com/,Newspaper/Magazine,23,"Elizabethtown, KY",KY
403,WKZT TV 23 (PBS),http://www.ket.org/,TV Station,23,"Elizabethtown, KY",KY
509,WQXE FM 98.3,http://www.quicksie983.com/,Radio Station,23,"Elizabethtown, KY",KY
566,The News-Enterprise,http://www.thenewsenterprise.com/,Newspaper/Magazine,23,"Elizabethtown, KY",KY
584,W222CD 92.3 FM,http://www.waky1035.com/,Radio Station,23,"Elizabethtown, KY",KY
619,W283AK 104.5 FM,http://www.wolf943.com/,Radio Station,23,"Elizabethtown, KY",KY
325,Elm Leaves,http://www.chicagotribune.com/suburbs/elmwood-park/,Newspaper/Magazine,24,"Elmwood Park, IL",IL
102,KDHL AM 920,http://kdhlradio.com/,Radio Station,25,"Faribault, MN",MN
180,KQCL FM 95.9,http://power96radio.com/,Radio Station,25,"Faribault, MN",MN
364,Faribault County Register,http://www.faribaultcountyregister.com/,Newspaper/Magazine,25,"Faribault, MN",MN
478,KBGY FM 107.5,http://www.mybobcountry.com/,Radio Station,25,"Faribault, MN",MN
538,Faribault Daily News,http://www.southernminn.com/faribault_daily_news/,Newspaper/Magazine,25,"Faribault, MN",MN
200,Flower Mound Leader,http://starlocalmedia.com/theleader/,Newspaper/Magazine,26,"Flower Mound, TX",TX
337,The Cross Timbers Gazette,http://www.crosstimbersgazette.com/,Newspaper/Magazine,26,"Flower Mound, TX",TX
574,WTCK 96.7 FM,http://www.theticket.com/,Radio Station,26,"Flower Mound, TX",TX
565,The Neighborhood News: The Garfield Heights Tribune,http://www.theneighborhoodnews.com/,Newspaper/Magazine,27,"Garfield Heights, OH",OH
96,Joyce Clark Unfiltered,http://joyceclarkunfiltered.com/,Online Only,28,"Glendale, AZ",AZ
114,KTAR FM 92.3,http://ktar.com/,Radio Station,28,"Glendale, AZ",AZ
372,Glendale Star,http://www.glendalestar.com/,Newspaper/Magazine,28,"Glendale, AZ",AZ
580,KLNZ FM 103.5,http://www.tricolor1035.com/,Radio Station,28,"Glendale, AZ",AZ
14,KHOT 105.9 FM,http://www.univision.com/arizona/khot,Radio Station,28,"Glendale, AZ",AZ
646,Glendale Today (on YourWestValley.com; redirect),http://www.yourwestvalley.com/your_town/glendale/,Newspaper/Magazine,28,"Glendale, AZ",AZ
24,Visit Glendale and the West Valley,https://visitglendale.wordpress.com/,Online Only,28,"Glendale, AZ",AZ
86,Glendale Daily Planet,http://glendaledailyplanet.com/,Radio Station,NA,"Glendale, CA",CA
361,KPXQ AM 1360,http://www.faithtalk1360.com/,Online Only,NA,"Glendale, CA",CA
87,Glendora City News,http://glendoracitynews.com/,Online Only,29,"Glendora, CA",CA
161,Glendora Patch,http://patch.com/california/glendora,Online Only,29,"Glendora, CA",CA
373,Glendora Community News,http://www.glendoracommunitynews.com/,Newspaper/Magazine,29,"Glendora, CA",CA
533,San Gabriel Valley Examiner,http://www.sgvexaminer.com/home.htm,Newspaper/Magazine,29,"Glendora, CA",CA
534,San Gabriel Valley Tribune (Glendora/San Dimas/La Verne Highlander),http://www.sgvtribune.com/,Newspaper/Magazine,NA,"Glendora,CA",CA
143,K214DF 90.7 FM,http://myfaithradio.com/,Radio Station,30,"Golden Valley, MN",MN
173,Golden Valley Patch,http://patch.com/minnesota/goldenvalley,Online Only,30,"Golden Valley, MN",MN
179,New Hope-Golden Valley Sun Post,http://post.mnsun.com/new-hope/,Newspaper/Magazine,30,"Golden Valley, MN",MN
214,KDIZ AM 1570,http://twincitieswellnessradio.com/,Radio Station,30,"Golden Valley, MN",MN
285,KQRS-FM 92.5,http://www.92kqrs.com/,Radio Station,30,"Golden Valley, MN",MN
13,KYCR AM 1440,http://www.twincitiesbusinessradio.com/,Radio Station,30,"Golden Valley, MN",MN
1,WBFX FM 101.3,http://1013thebrew.iheart.com/,Radio Station,31,"Grand Rapids, MI",MI
2,3ABN,http://3abn.org/,Online Only,31,"Grand Rapids, MI",MI
41,W231DD 94.1 FM (WVIC Lansing rebroadcast),http://941theduke.com/,Radio Station,31,"Grand Rapids, MI",MI
49,WBCT FM 93.7,http://b93.iheart.com/,Radio Station,31,"Grand Rapids, MI",MI
57,WBLU FM 88.9,http://bluelake.org/radio/index.php,Radio Station,31,"Grand Rapids, MI",MI
75,WMAX AM 1440,http://espn961.iheart.com/,Radio Station,31,"Grand Rapids, MI",MI
77,WXMI TV 17,http://fox17online.com/,TV Station,31,"Grand Rapids, MI",MI
125,Lazo Cultural,http://lazocultural.com/,Newspaper/Magazine,31,"Grand Rapids, MI",MI
126,WJWC-LP,http://life973.com/,Radio Station,31,"Grand Rapids, MI",MI
131,WSNH-LP 103.9,http://loveatthecross.com/,Radio Station,31,"Grand Rapids, MI",MI
135,WVGR FM 104.1,http://michiganradio.org/,Radio Station,31,"Grand Rapids, MI",MI
139,W227CG 93.3 FM,http://miradiopoderosa.com/,Radio Station,31,"Grand Rapids, MI",MI
142,WLHT-FM 95.7,http://mychannel957.com/,Radio Station,31,"Grand Rapids, MI",MI
187,WTRV-FM,http://rivergrandrapids.com/,Radio Station,31,"Grand Rapids, MI",MI
189,"Great Lakes, Great Times, Great Scott",http://scottyurb.blogspot.com/,Online Only,31,"Grand Rapids, MI",MI
213,WNWZ 1410 AM,http://touch1410.com/,Radio Station,31,"Grand Rapids, MI",MI
228,WSRW FM 105.7,http://westmichiganstar.iheart.com/,Radio Station,31,"Grand Rapids, MI",MI
229,WFGR FM 98.7,http://wfgr.com/,Radio Station,31,"Grand Rapids, MI",MI
232,WGRD-FM 97.9,http://wgrd.com/,Radio Station,31,"Grand Rapids, MI",MI
233,WGVU AM 1480,http://wgvu2.org/realoldies/,Radio Station,31,"Grand Rapids, MI",MI
243,WOOD AM 1300,http://woodradio.iheart.com/,Radio Station,31,"Grand Rapids, MI",MI
244,WOOD TV 8,http://woodtv.com/,TV Station,31,"Grand Rapids, MI",MI
247,WOTV TV 4,http://wotv4women.com/,TV Station,31,"Grand Rapids, MI",MI
260,WTKG AM 1230,http://wtkg.iheart.com/,Radio Station,31,"Grand Rapids, MI",MI
272,WJRW AM 1340,http://www.1340wjrw.com/,Radio Station,31,"Grand Rapids, MI",MI
293,W252DG 98.3 FM (WLCS rebroadcast),http://www.983wlcs.com/,Radio Station,31,"Grand Rapids, MI",MI
318,Calvin College Chimes,http://www.calvin.edu/chimes/,Newspaper/Magazine,31,"Grand Rapids, MI",MI
377,Herald Review,http://www.grandrapidsmn.com/,Newspaper/Magazine,31,"Grand Rapids, MI",MI
378,Grand Rapids Business Journal,http://www.grbj.com/,Newspaper/Magazine,31,"Grand Rapids, MI",MI
379,GRTV,http://www.grcmc.org/grtv,TV Station,31,"Grand Rapids, MI",MI
381,GRNow,http://www.grnow.com/,Online Only,31,"Grand Rapids, MI",MI
383,Grand Rapids Times,http://www.grtimes.com/,Newspaper/Magazine,31,"Grand Rapids, MI",MI
389,If the River Swells,http://www.iftheriverswells.com/,Online Only,31,"Grand Rapids, MI",MI
469,West Michigan Business Review Magazine,http://www.mlive.com/businessreview/,Newspaper/Magazine,31,"Grand Rapids, MI",MI
470,Grand Rapids Press,http://www.mlive.com/grand-rapids/,Newspaper/Magazine,31,"Grand Rapids, MI",MI
506,W237CZ 95.3 FM (WPRR rebroadcast),http://www.publicrealityradio.org/,Radio Station,31,"Grand Rapids, MI",MI
517,WRVU-LP,http://www.radiovisioncdr.com/,Radio Station,31,"Grand Rapids, MI",MI
545,WCXG FM 89.7 FM,http://www.strongtowerradio.org/,Radio Station,31,"Grand Rapids, MI",MI
570,Rapidian,http://www.therapidian.org/,Online Only,31,"Grand Rapids, MI",MI
585,WBBL FM 107.3,http://www.wbbl.com/,Radio Station,31,"Grand Rapids, MI",MI
593,WCSG FM 91.3,http://www.wcsg.org/,Radio Station,31,"Grand Rapids, MI",MI
597,WFUR-FM 102.9,http://www.wfuramfm.com/,Radio Station,31,"Grand Rapids, MI",MI
601,WGVU TV 35,http://www.wgvu.org/home/,TV Station,31,"Grand Rapids, MI",MI
614,WLAV-FM 96.9,http://www.wlav.com/,Radio Station,31,"Grand Rapids, MI",MI
641,WZZM TV 13,http://www.wzzm13.com/,TV Station,31,"Grand Rapids, MI",MI
650,W235BN 94.9 FM (WYGR),http://wygr.net/,Radio Station,31,"Grand Rapids, MI",MI
22,MiBiz,https://mibiz.com/,Newspaper/Magazine,31,"Grand Rapids, MI",MI
23,Aquinas College Saint,https://thesaintaq.com/,Newspaper/Magazine,31,"Grand Rapids, MI",MI
399,K250BG 97.9 FM,http://www.kdkr.org/,Radio Station,32,"Hemet, CA",CA
576,The Valley Chronicle,http://www.thevalleychronicle.com/,Newspaper/Magazine,32,"Hemet, CA",CA
33,WGBF FM 103.1 Rock,http://103gbfrocks.com/,Radio Station,33,"Henderson, KY",KY
238,WKDQ FM 99.5 Country Music,http://wkdq.com/,Radio Station,33,"Henderson, KY",KY
258,WSON AM 860 and w243CU FM (WSON) 96.5,http://wsonradio.com/,Radio Station,33,"Henderson, KY",KY
561,The Gleaner,http://www.thegleaner.com/,Newspaper/Magazine,33,"Henderson, KY",KY
11,WTVW TV 7,http://www.tristatehomepage.com/,TV Station,33,"Henderson, KY",KY
661,Henderson Watch,https://www.facebook.com/HendersonWatch,Online Only,33,"Henderson, KY",KY
101,K288GY (KCPW) 105.5 Public Media,http://kcpw.org/,Radio Station,34,"Holladay, UT",UT
332,Cottonwood-Holladay Journal,http://www.cottonwoodholladayjournal.com/,Newspaper/Magazine,34,"Holladay, UT",UT
443,KMNY AM 1360,http://www.lavoz1360dallas.com/,Radio Station,35,"Hurst, TX",TX
177,Sammamish-Issaquah Patch,http://patch.com/washington/sammamish,Online Only,37,"Issaquah, WA",WA
351,The Issaquah Press,http://www.eastofseattle.news/issaquah/,Newspaper/Magazine,37,"Issaquah, WA",WA
391,Issaquah 360,http://www.issaquah360.com/,Online Only,37,"Issaquah, WA",WA
392,Issaquah/Sammamish Reporter,http://www.issaquahreporter.com/,Newspaper/Magazine,37,"Issaquah, WA",WA
80,Free Press Publications,http://fpp.cc/,Online Only,38,"Keene, NH",NH
81,FPPradioNews,http://fppradio.com/,Radio Station,38,"Keene, NH",NH
82,Free Keene,http://freekeene.com/,Online Only,38,"Keene, NH",NH
113,Keene State College Equinox,http://kscequinox.com/,Newspaper/Magazine,38,"Keene, NH",NH
148,WEVN FM 90.7 New Hampshire Public Radio,http://nhpr.org/,Radio Station,38,"Keene, NH",NH
204,WSNI FM 97.7 Sunny 97,http://sunnykeene.com/,Radio Station,38,"Keene, NH",NH
237,WZBK AM 1290;,http://wkbkradio.com/,Radio Station,38,"Keene, NH",NH
239,w256BJ FM 99.1 Classic Hits,http://wkne.com/,Radio Station,38,"Keene, NH",NH
269,W288BN FM 105.5 WYRY  Country,http://www.1049nashiconradio.com/,Radio Station,38,"Keene, NH",NH
277,W281AU FM 104.1 WZBK,http://www.1490wkvt.com/,Radio Station,38,"Keene, NH",NH
491,WEKW New Hampsure Public Television,http://www.nhptv.org/,TV Station,38,"Keene, NH",NH
532,Keene Sentinel,http://www.sentinelsource.com/,Newspaper/Magazine,38,"Keene, NH",NH
535,Monadnock Shopper News,http://www.shoppernews.com/,Newspaper/Magazine,38,"Keene, NH",NH
569,W293AB FM 106.5 WHDQ,http://www.theqrocks.com/,Radio Station,38,"Keene, NH",NH
612,WKNH FM 91.3 Keene State College,http://www.wknh.org/,Radio Station,38,"Keene, NH",NH
27,Free Talk Radio Live Blog,https://www.freetalklive.com/,Online Only,38,"Keene, NH",NH
384,KINE AM 1330,http://www.hawaiian105.com/,Radio Station,39,"Kingsville, TX",TX
406,KFTX FM 97.5 Real Country,http://www.kftx.com/,Radio Station,39,"Kingsville, TX",TX
411,Kingsville Record and Bishop News,http://www.kingsvillerecord.com/,Newspaper/Magazine,39,"Kingsville, TX",TX
424,K31KK-D Transmit channel 31 KDF,http://www.kristv.com/category/293859/kdf,TV Station,39,"Kingsville, TX",TX
425,"KTAI FM 91.1 Texas A&M, Kingsville",http://www.ktaifm.com/,Radio Station,39,"Kingsville, TX",TX
515,K226BA FM 93.1 WKLBD,http://www.radiolibertad.net/,Radio Station,39,"Kingsville, TX",TX
523,KKBA FM 92.7,http://www.rock927.com/,Radio Station,39,"Kingsville, TX",TX
539,The South Texan:  Texas A&M - Kingsville,http://www.southtexannews.com/,Newspaper/Magazine,39,"Kingsville, TX",TX
61,La Crosse Catholic Times,http://catholiclife.diolc.org/,Newspaper/Magazine,40,"La Crosse, WI",WI
120,The La Crosse Tribune,http://lacrossetribune.com/,Newspaper/Magazine,40,"La Crosse, WI",WI
184,K250AZ WTPM FM 97.9 Prayz Network,http://prayznetwork.com/,Radio Station,40,"La Crosse, WI",WI
208,University of Wisconsin-LaCrosse - UWLAX Racquet,http://theracquet.org/,Newspaper/Magazine,40,"La Crosse, WI",WI
250,WHLA-TV 31 State of WI - Ed Comm. Board,http://wpt.org/,TV Station,40,"La Crosse, WI",WI
273,WIZM-FM  92.3,http://www.1410wizm.com/,Radio Station,40,"La Crosse, WI",WI
278,WLFN AM 1490 Today's Talk 1490,http://www.1490wlfn.com/,Radio Station,40,"La Crosse, WI",WI
281,WKTY AM 580 Family Radio,http://www.580wkty.com/,Radio Station,40,"La Crosse, WI",WI
288,WRQT FM 95.7 Rock Station,http://www.957therock.com/,Radio Station,40,"La Crosse, WI",WI
333,Coulee Parenting Connection,http://www.cpclax.com/,Newspaper/Magazine,40,"La Crosse, WI",WI
410,WQCC FM 106.3 Mississippi,http://www.kicks1063.com/,Radio Station,40,"La Crosse, WI",WI
422,"W299AC KQYB FM 107.7 Family Radio, Inc.",http://www.kq98.com/,Radio Station,40,"La Crosse, WI",WI
428,W50DR-D KTTC Transmit 50 NBC,http://www.kttc.com/,TV Station,40,"La Crosse, WI",WI
489,WKBT-DT QueenB Television,http://www.news8000.com/,TV Station,40,"La Crosse, WI",WI
609,WLAX - 25 Nexstar Broadcasting,http://www.wiproud.com/,TV Station,40,"La Crosse, WI",WI
615,WLXR-FM 104.9 Mississippi Valley,http://www.wlxr.com/,Radio Station,40,"La Crosse, WI",WI
624,WHLA FM 90.3 Univ.,http://www.wpr.org/whla-fm-903-la-crosse,Radio Station,40,"La Crosse, WI",WI
625,WLSU 88.9 State of WI,http://www.wpr.org/wlsu-fm-889-la-crosse,Radio Station,40,"La Crosse, WI",WI
638,K229BH WWIB FM 93.7 W. WI Inspirational,http://www.wwib.com/,Radio Station,40,"La Crosse, WI",WI
639,WXOW DTV  19,http://www.wxow.com/,TV Station,40,"La Crosse, WI",WI
223,WCOE FM 96.7 Country,http://wcoefm.com/,Radio Station,41,"La Porte, IN",IN
363,WJCH FM 106.9 Religious,http://www.familyradio.org/,Radio Station,41,"La Porte, IN",IN
385,LaPorte Herald-Argus,http://www.heraldargus.com/,Newspaper/Magazine,41,"La Porte, IN",IN
663,WLOI AM 1540 Nostalgia,https://www.facebook.com/pages/Wloi-AM-1540/117533534975327,Radio Station,41,"La Porte, IN",IN
266,WBUZ 102.9 The Buzz,http://www.1029thebuzz.com/,Radio Station,42,"La Vergne, TN",TN
58,KLMV-LD TV Salazar,http://buenav.net/,TV Station,43,"Laredo, TX",TX
70,De Laredo Blog,http://delaredo.blogspot.com/,Online Only,43,"Laredo, TX",TX
104,KHOY FM 88.1 Catholic Communications,http://khoy.org/,Radio Station,43,"Laredo, TX",TX
123,El Manana/Laredo Sun,http://laredosun.us/,Newspaper/Magazine,43,"Laredo, TX",TX
150,KLDO-DTV Entravision Holdings 27,http://noticias.entravision.com/laredo/,TV Station,43,"Laredo, TX",TX
276,KLNT AM 1490,http://www.1490therodeo.com/,Radio Station,43,"Laredo, TX",TX
311,KRRG FM 98.1 Encarnacion A. Guerra,http://www.bigbuck98.com/,Radio Station,43,"Laredo, TX",TX
348,KQUR FM 94.9 Border Broadcasters,http://www.digital949.com/,Radio Station,43,"Laredo, TX",TX
387,KNEX FM 106.1 MBM Radio Larado,http://www.hot1061.net/,Radio Station,43,"Laredo, TX",TX
395,KBNL FM 89.9 World Radio Network Inc,http://www.kbnl.org/,Radio Station,43,"Laredo, TX",TX
408,KGNS 8 NBC,http://www.kgns.tv/,TV Station,43,"Laredo, TX",TX
440,KBDR-FM1 100.5,http://www.laley1005.com/,Radio Station,43,"Laredo, TX",TX
447,Laredo Morning Times,http://www.lmtonline.com/,Newspaper/Magazine,43,"Laredo, TX",TX
448,El Tiempo de Laredo,http://www.lmtonline.com/el_tiempo/,Newspaper/Magazine,43,"Laredo, TX",TX
479,KXOF-CD Extravision Fox 39,http://www.mylaredofox.com/,TV Station,43,"Laredo, TX",TX
516,KLAR AM 1300 Faith and Power Comm Inc,http://www.radiopoder1300.com/,Radio Station,43,"Laredo, TX",TX
555,The Bridge:  Texas A&M International Univ.,http://www.thebridgenewspaper.com/,Newspaper/Magazine,43,"Laredo, TX",TX
648,KJBZ FM 92.7 Encarnacion A. Guerra,http://www.z93laredo.com/,Radio Station,43,"Laredo, TX",TX
255,W245 96.9 FM,http://wsbrradio.com/,Radio Station,44,"Lauderdale Lakes, FL",FL
43,WKGL FM 96.7 The Eagle,http://967theeagle.net/,Radio Station,47,"Loves Park, IL",IL
441,W263BJ FM 100.5 Mid-way radio/ WNTA 1330 AM,http://www.lamovidaradiorockford.com/,Radio Station,47,"Loves Park, IL",IL
38,W222AF (WGST) 92.3,http://640wgst.iheart.com/,Radio Station,48,"Marietta, GA",GA
48,W286AZ (WFOM) (CP) 106.3 and WFOM 1230 AM,http://atlantassportsstation.com/,Radio Station,48,"Marietta, GA",GA
167,Marietta Patch,http://patch.com/georgia/marietta,Online Only,48,"Marietta, GA",GA
218,WFTD 1080 AM Viet Song Media,http://vietsongmedia.com/,Radio Station,48,"Marietta, GA",GA
316,The Bright Side:  Marietta and Power Springs Community Newspaper,http://www.brightsidenews.com/marpsnews.html,Newspaper/Magazine,48,"Marietta, GA",GA
457,Marietta Daily Journal,http://www.mdjonline.com/,Newspaper/Magazine,48,"Marietta, GA",GA
458,Cobb Business Journal,http://www.mdjonline.com/cobb_business_journal/,Newspaper/Magazine,48,"Marietta, GA",GA
459,Cobb Football Friday,http://www.mdjonline.com/cobb_football_friday/,Newspaper/Magazine,48,"Marietta, GA",GA
460,Neighbor News,http://www.mdjonline.com/neighbor_newspapers/,Newspaper/Magazine,48,"Marietta, GA",GA
577,Tidbits of Marietta,http://www.tidbitsweekly.com/publisher/tidbits_marietta/index.php?p=1_3_Read-Tidbits-Online,Newspaper/Magazine,48,"Marietta, GA",GA
611,WKHX 101.5 FM,http://www.wkhx.com/,Radio Station,48,"Marietta, GA",GA
658,Cobb Life Magazine,https://cobblifemagazine.wordpress.com,Newspaper/Magazine,48,"Marietta, GA",GA
44,WDIF Marion's Radio station,http://975wdif.com/,Radio Station,49,"Marion, OH",OH
157,Ohio State at Marion News,http://osumarion.osu.edu/news/,Online Only,49,"Marion, OH",OH
246,WOSB The Ohio State University,http://wosu.org/,Radio Station,49,"Marion, OH",OH
263,WWGH - Marion's LP Radio Station,http://wwgh1071.com/2016/,Radio Station,49,"Marion, OH",OH
327,WOCB-CD Central Ohio Association of Christian Broadcasters,http://www.coacb.org/,TV Station,49,"Marion, OH",OH
453,Marion Online News,http://www.mariononline.com,Online Only,49,"Marion, OH",OH
454,The Marion Star,http://www.marionstar.com,Newspaper/Magazine,49,"Marion, OH",OH
455,"WMNO-CD Positive News Network, Inc.",http://www.mariontv22.com/,TV Station,49,"Marion, OH",OH
490,WXMF Kayser Broadcast Ministries Inc,http://www.newvision.fm/,Radio Station,49,"Marion, OH",OH
653,WZMO - Marion Community Radio,http://wzmofm.com/,Radio Station,49,"Marion, OH",OH
10,KOBI Channel 5 California Oregon Broadcasting NBC,http://kobi5.com/,TV Station,50,"Medford, OR",OR
115,KTVL Channel 10 CBS,http://ktvl.com/,TV Station,50,"Medford, OR",OR
154,KRTA AM 610 Opus,http://opusradio.com/610am/,Radio Station,50,"Medford, OR",OR
155,KEZX AM 730 Opus,http://opusradio.com/730am/,Radio Station,50,"Medford, OR",OR
270,KIFS 107.5 FM KISS,http://www.107kiss.com/,Radio Station,50,"Medford, OR",OR
310,K23EX-D Better Life TV Transmit 23,http://www.betterlifetv.tv/,TV Station,50,"Medford, OR",OR
369,KMVU-DT Ch. 26 Fox,http://www.fox26medford.com/,TV Station,50,"Medford, OR",OR
398,KCMX 880,http://www.kcmxam.com/,Radio Station,50,"Medford, OR",OR
401,KDRV Channel 12 Oregon TV ABC,http://www.kdrv.com/,TV Station,50,"Medford, OR",OR
416,KMED AM 1440 Biocoastal,http://www.kmed.com/,Radio Station,50,"Medford, OR",OR
452,Mail Tribune,http://www.mailtribune.com/,Online Only,50,"Medford, OR",OR
461,Medford Nickel Classifieds,http://www.medfordnickel.com/,Newspaper/Magazine,50,"Medford, OR",OR
474,KMCW-LP Broadcasting Licenses MundoMax,http://www.mundomax.com/,TV Station,50,"Medford, OR",OR
558,KDOV 91.7 FM and,http://www.thedove.us/,Radio Station,50,"Medford, OR",OR
93,InMenlo,http://inmenlo.com/,Online Only,51,"Menlo Park, CA",CA
162,Menlo Park-Atherton Patch,http://patch.com/california/menlopark-atherton,Online Only,51,"Menlo Park, CA",CA
182,KFIV Powertalk 1360 AM,http://powertalk1360.iheart.com/,Radio Station,51,"Menlo Park, CA",CA
300,The Almanac,http://www.almanacnews.com/,Newspaper/Magazine,51,"Menlo Park, CA",CA
56,The Prodigy - UC Merced  Newspaper,http://blogs.ucmerced.edu/prodigy/,Newspaper/Magazine,52,"Merced, CA",CA
109,KMPH-CD Transmit 49,http://kmph-kfre.com/,TV Station,52,"Merced, CA",CA
132,KGAM FM 106.3 Mapleton License,http://magia1063.com/,Radio Station,52,"Merced, CA",CA
275,KYOS AM 1480 Mapleton License,http://www.1480kyos.com/,Radio Station,52,"Merced, CA",CA
283,KTIQ AM 1660 Mapleton License/105.7 The Bear,http://www.925thebear.com/,Radio Station,52,"Merced, CA",CA
290,KABX-FM 97.5 Mapleton License,http://www.975kabx.com/,Radio Station,52,"Merced, CA",CA
317,KGDM-LP FM 105.3 Calvary Chapel,http://www.calvarychapelmerced.org/info.htm,Radio Station,52,"Merced, CA",CA
319,K244DV FM 96.7 and,http://www.capradio.org/,Radio Station,52,"Merced, CA",CA
323,KAMB FM 101.5 Celebration Radio,http://www.celebrationradio.com/,Radio Station,52,"Merced, CA",CA
456,Merced County News Television,http://www.mcntvnews.com/,TV Station,52,"Merced, CA",CA
462,Merced County Times,http://www.mercedcountytimes.net/,Newspaper/Magazine,52,"Merced, CA",CA
463,Merced Sun-Star,http://www.mercedsunstar.com/,Newspaper/Magazine,52,"Merced, CA",CA
512,KBKY FM 94.1 Radio Alfa y Omega,http://www.radioalfayomega941fm.com/,Radio Station,52,"Merced, CA",CA
551,KNSO Channel 51 NBC Telemundo License LLC,http://www.telemundo51fresno.com/,TV Station,52,"Merced, CA",CA
199,The Mesquite News,http://starlocalmedia.com/mesquitenews/,Newspaper/Magazine,53,"Mesquite, TX",TX
402,KEOM FM 88.5 Mesquite Independent School District,http://www.keom.fm/,Radio Station,53,"Mesquite, TX",TX
662,Mesquite Scanner,https://www.facebook.com/MesquiteScanner/,Online Only,53,"Mesquite, TX",TX
127,WFIF AM 1500 K.W. Dolmar Religious,http://lifechangingradio.com/wfif/,Radio Station,NA,"Milford, CT",CT
164,Milford Patch,http://patch.com/connecticut/milford,Online Only,NA,"Milford, CT",CT
339,Milford-Orange Bulletin,http://www.ctbulletin.com/,Newspaper/Magazine,NA,"Milford, CT",CT
465,Milford Mirror,http://www.milfordmirror.com/,Newspaper/Magazine,NA,"Milford, CT",CT
137,Milford Living Magazine,http://milfordliving.com/,Newspaper/Magazine,NA,"Milford, CT",CT
464,Milford CT Blog,http://www.milfordctblog.com/,Online Only,NA,"Milford, CT",CT
174,Minnetonka Patch,http://patch.com/minnesota/minnetonka,Online Only,55,"Minnetonka, MN",MN
188,Sun Sailor,http://sailor.mnsun.com/minnetonka/,Newspaper/Magazine,55,"Minnetonka, MN",MN
547,Lakeshore Weekly News,http://www.swnewsmedia.com/lakeshore_weekly/,Newspaper/Magazine,55,"Minnetonka, MN",MN
268,WSFS FM 104.3 Entercom Miami,http://www.1043theshark.com/,Radio Station,56,"Miramar, FL",FL
480,Ocean Style,http://www.myoceanstyle.com/,Newspaper/Magazine,56,"Miramar, FL",FL
529,WSBZ FM 106.3 Carter Broadcasting,http://www.seabreeze.fm/,Radio Station,56,"Miramar, FL",FL
581,WDES-CD Transmit Channel 35 Beach TV,http://www.tripsmarter.com/,TV Station,56,"Miramar, FL",FL
486,New Berlin Now,http://www.newberlinnow.com/,Newspaper/Magazine,57,"New Berlin, WI",WI
39,WVCC AM 720,http://720thevoice.iheart.com/,Radio Station,58,"Newnan, GA",GA
78,WCOH AM 1400 Citicasters Licenses,http://foxsports1400.iheart.com/,Radio Station,58,"Newnan, GA",GA
211,Newnan Times-Herald,http://times-herald.com/,Newspaper/Magazine,58,"Newnan, GA",GA
212,The Newnan-Coweta Magazine,http://times-herald.com/magazine,Newspaper/Magazine,58,"Newnan, GA",GA
245,WNEA AM 1300 Word Christian,http://wordchristianbroadcasting.com/wnea/,Radio Station,58,"Newnan, GA",GA
32,WONQ AM 1030 Flordia Broadcasters,http://1030lagrande.com/,Radio Station,59,"Oviedo, FL",FL
63,Heard in Central Flordia:  CMF Public Media,http://cmfmedia.org/section/hcf/,Online Only,59,"Oviedo, FL",FL
282,W288CJ FM 105.5 Penn. Media Associates,http://www.660theanswer.com/,Radio Station,59,"Oviedo, FL",FL
531,Seminole Voice,http://www.seminolevoice.com/,Online Only,59,"Oviedo, FL",FL
36,KTGX FM 106.1 Clear Channel,http://1061thetwister.iheart.com/,Radio Station,60,"Owasso, OK",OK
496,Owassoisms,http://www.owassoisms.com/,Online Only,60,"Owasso, OK",OK
12,Owasso Reporter,http://www.tulsaworld.com/communities/owasso/,Newspaper/Magazine,60,"Owasso, OK",OK
207,The Daily Mississipian (The DM Online):  Univ of MS,http://thedmonline.com/,Newspaper/Magazine,61,"Oxford, AL",AL
292,WVOK-FM 97.9 East Alabama's Fav. Music,http://www.979wvok.com/,Radio Station,61,"Oxford, AL",AL
497,The Oxford Eagle,http://www.oxfordeagle.com/,Newspaper/Magazine,61,"Oxford, AL",AL
598,"W256BH FM 99.1 ""The Fox"" and",http://www.wfzxthefox.com/,Radio Station,61,"Oxford, AL",AL
632,WTBJ FM 91.3 Trinity Christian Academy,http://www.wtbj.org/,Radio Station,61,"Oxford, AL",AL
90,KUTY AM 1470 High Desert,http://highdesertbroadcasting.com/,Radio Station,62,"Palmdale, CA",CA
206,The Antelope Valley Times,http://theavtimes.com/,Online Only,62,"Palmdale, CA",CA
308,Antelope Valley Press,http://www.avpress.com/,Newspaper/Magazine,62,"Palmdale, CA",CA
354,El Sol Del Desierto,http://www.elsoldeldesiertoav.com/,Online Only,62,"Palmdale, CA",CA
442,K241AJ FM 96.1 Family Stations,http://www.laquebuena961.com/,Radio Station,62,"Palmdale, CA",CA
494,K256BS (KODV) FM 99.1 Ondas,http://www.ondasdevida.com/,Radio Station,62,"Palmdale, CA",CA
536,K211EY (KHMS) FM 90.1 Faith Communications Corp.,http://www.sosradio.net/,Radio Station,62,"Palmdale, CA",CA
498,The Parma Observer,http://www.parmaobserver.com/,Online Only,63,"Parma Heights, OH",OH
112,KROQ-FM 106.7 CBS Radio,http://kroq.cbslocal.com/,Radio Station,64,"Pasadena, CA",CA
158,The Pasadena/San Gabriel Valley Journal,http://pasadenajournal.com/,Newspaper/Magazine,64,"Pasadena, CA",CA
159,Pasadena Magazine,http://pasadenamag.com/,Newspaper/Magazine,64,"Pasadena, CA",CA
163,Pasadena Patch,http://patch.com/california/pasadena-ca,Online Only,64,"Pasadena, CA",CA
186,KDIS AM 1110 Children's,http://radio.disney.com/,Radio Station,64,"Pasadena, CA",CA
302,KAZN AM 1300 Asian,http://www.am1300.com/,Radio Station,64,"Pasadena, CA",CA
307,Arroyo:  Fine Living in the Greater Pasadena Area,http://www.arroyomonthly.com/,Newspaper/Magazine,64,"Pasadena, CA",CA
499,Pasadena Now,http://www.pasadenanow.com/main/,Newspaper/Magazine,64,"Pasadena, CA",CA
500,Pasadena Star-News,http://www.pasadenastarnews.com/,Newspaper/Magazine,64,"Pasadena, CA",CA
501,Rose Magazine,http://www.pasadenastarnews.com/rose-parade,Newspaper/Magazine,64,"Pasadena, CA",CA
502,Pasadena Weekly,http://www.pasadenaweekly.com/cms/index/,Newspaper/Magazine,64,"Pasadena, CA",CA
503,PCC (Pasadena City College) Courier,http://www.pcccourier.com/,Newspaper/Magazine,64,"Pasadena, CA",CA
528,KPCC FM 89.3 Pasadena Area Community College,http://www.scpr.org/,Radio Station,64,"Pasadena, CA",CA
40,WPAT-FM 93.1 WPAT Licensing,http://931amor.lamusica.com/,Radio Station,65,"Paterson, NJ",NJ
178,Paterson Times,http://patersontimes.com/,Newspaper/Magazine,65,"Paterson, NJ",NJ
623,WPAT AM 930 Multicultural Radio Broadcasting,http://www.wpat930am.com/,Radio Station,65,"Paterson, NJ",NJ
29,Patersonian TAP,https://www.tapinto.net/towns/paterson,Online Only,65,"Paterson, NJ",NJ
610,WJNT AM 1180 Mississippi Talk Radio,http://www.wjnt.com/,Radio Station,66,"Pearl, MS",MS
563,WWDL 91.3 The Life FM,http://www.thelifefm.com/,Radio Station,67,"Plainfield, IN",IN
374,WLPR 960,http://www.goforth.org/WLPR960/,Radio Station,68,"Prichard, AL",AL
604,WIJD 1270 Radio That Changes the Way You Live,http://www.wilkinsradio.com/,Radio Station,68,"Prichard, AL",AL
105,WLIQ 1530 AM,http://kickam1530.com/,Radio Station,69,"Quincy, IL",IL
201,WQUB 90.3,http://stlpublicradio.org/quincy/,Radio Station,69,"Quincy, IL",IL
251,WQIN LP 102.9,http://wqinfm.org/,Radio Station,69,"Quincy, IL",IL
415,KMDY W209 ch 89.7,http://www.kmdy.org/,Radio Station,69,"Quincy, IL",IL
485,WQEC West Central Illinois Educational Channel 34,http://www.networkknowledge.tv/,TV Station,69,"Quincy, IL",IL
507,WQCY FM 103.8,http://www.q104wqcy.com/,Radio Station,69,"Quincy, IL",IL
592,WCOY 99.5,http://www.wcoy.com/,Radio Station,69,"Quincy, IL",IL
599,WGCA 88.5 FM,http://www.wgca.org/,Radio Station,69,"Quincy, IL",IL
600,WGEM Channel 10,http://www.wgem.com/,Radio Station,69,"Quincy, IL",IL
602,Quincy Herald Whig,http://www.whig.com/,Newspaper/Magazine,69,"Quincy, IL",IL
252,WQJC LP 107.9,http://wqjcfm.myfreesites.net/,Radio Station,69,"Quincy, IL",IL
631,WTAD 930 AM,http://www.wtad.com/,Radio Station,69,"Quincy, IL",IL
633,WTJR Christian TV Network Channel 32,http://www.wtjr.org/,TV Station,69,"Quincy, IL",IL
60,BYUI Scroll,http://byuiscroll.org/,Newspaper/Magazine,70,"Rexburg, ID",ID
91,K43JD-D Channel 43,http://idahoptv.org/,TV Station,70,"Rexburg, ID",ID
421,K13UF-D Channel 13,http://www.kpvi.com/,TV Station,70,"Rexburg, ID",ID
430,KUPI-FM 99.1 King of Country,http://www.kupi99.com/,Radio Station,70,"Rexburg, ID",ID
449,K22IK-D Channel 22,http://www.localnews8.com/,TV Station,70,"Rexburg, ID",ID
520,Standard Journal,http://www.rexburgstandardjournal.com/,Newspaper/Magazine,70,"Rexburg, ID",ID
370,WMYT-TV Channel 55,http://www.fox46charlotte.com/,TV Station,71,"Rock Hill, SC",SC
628,W232AX 94.3,http://www.wrhi.com/,Radio Station,71,"Rock Hill, SC",SC
652,WYTX-LP 98.5,http://wytx.fm/,Radio Station,71,"Rock Hill, SC",SC
386,The Herald,http://www.heraldonline.com/,Newspaper/Magazine,71,"Rock Hill, SC",SC
382,WGVV-LP 92.5 Groove 92.5,http://www.groove925.com/,Radio Station,72,"Rock Island, IL",IL
439,WKBF 1270 La Jefa 1270,http://www.lajefa1270.com/,Radio Station,72,"Rock Island, IL",IL
172,Royal Oak Patch,http://patch.com/michigan/royaloak,Online Only,73,"Royal Oak, MI",MI
347,DetroitWonk,http://www.detroitwonk.com/,Online Only,73,"Royal Oak, MI",MI
343,Daily Tribune,http://www.dailytribune.com/,Newspaper/Magazine,73,"Royal Oak, MI",MI
432,KSMD 1300,http://www.kwck999.com/,Radio Station,74,"Searcy, AR",AR
530,Searcy Living,http://www.searcyliving.net/,Newspaper/Magazine,74,"Searcy, AR",AR
557,The Daily Citizen,http://www.thedailycitizen.com/,Newspaper/Magazine,74,"Searcy, AR",AR
88,WGON-LP 103.7,http://graceradioofslidell.net/,Radio Station,75,"Slidell, LA",LA
193,Slidell Independent,http://slidell-independent.com/,Newspaper/Magazine,75,"Slidell, LA",LA
205,The Tammany West,http://tammanywest.com/,Newspaper/Magazine,75,"Slidell, LA",LA
257,WSLA 1560 Talk Radio,http://wslaradio.com/,Radio Station,75,"Slidell, LA",LA
446,WGON 89.1 Lifesongs 89.1,http://www.lifesongs.com/,Radio Station,75,"Slidell, LA",LA
635,WUPL Channel 24,http://www.wupltv.com/,TV Station,75,"Slidell, LA",LA
210,WHRZ LP 104.1,http://thez.com/,Radio Station,76,"Spartanburg, SC",SC
259,WSPA TV Channel 7,http://wspa.com/,TV Station,76,"Spartanburg, SC",SC
358,W246 BU 97.1,http://www.espnupstate.com/,Radio Station,76,"Spartanburg, SC",SC
376,Spartanburg Herald,http://www.goupstate.com/,Newspaper/Magazine,76,"Spartanburg, SC",SC
388,W231 BA 94.1,http://www.hot981.com/,Radio Station,76,"Spartanburg, SC",SC
451,WSPA FM 98.9,http://www.magic989.com/,Radio Station,76,"Spartanburg, SC",SC
537,WXPS LP 92.1,http://www.soundoftruthradio.org/,Radio Station,76,"Spartanburg, SC",SC
540,Spartan Weekly News,http://www.spartanweeklyonline.com/,Newspaper/Magazine,76,"Spartanburg, SC",SC
575,Update Shopper,http://www.theupstateshopper.com/,Newspaper/Magazine,76,"Spartanburg, SC",SC
3,WOLI 910,http://activanetwork.com/greenville/,Radio Station,76,"Spartanburg, SC",SC
192,Serve Daily,http://servedaily.com/,Newspaper/Magazine,77,"Springville, UT",UT
153,Orange Peel Gazette,http://opgazetteinc.com/,Newspaper/Magazine,78,"St. Cloud, FL",FL
156,Osceola Woman,http://osceolawoman.com/,Newspaper/Magazine,78,"St. Cloud, FL",FL
438,WIWA 1160 La Estacion Del Pueblo,http://www.laestaciondelpueblo.com/,Radio Station,78,"St. Cloud, FL",FL
527,St. Cloud in the News,http://www.scinthenews.com/,Online Only,78,"St. Cloud, FL",FL
89,Hey Stamford,http://heystamford.com/,Online Only,79,"Stamford, CT",CT
165,Stamford Patch,http://patch.com/connecticut/stamford,Online Only,79,"Stamford, CT",CT
191,Serendipity Magazine,http://serendipitysocial.com/,Newspaper/Magazine,79,"Stamford, CT",CT
196,Stamford Daily Voice,http://stamford.dailyvoice.com/,Online Only,79,"Stamford, CT",CT
197,Stamford Downtown Events,http://stamforddowntownevents.blogspot.com/,Online Only,79,"Stamford, CT",CT
242,WEDW-FM 88.5,http://wnpr.org/,Radio Station,79,"Stamford, CT",CT
256,WSTC 1400,http://wshu.org/,Radio Station,79,"Stamford, CT",CT
355,El Sol,http://www.elsolnews.com/,Newspaper/Magazine,79,"Stamford, CT",CT
541,Stamford Advocate,http://www.stamfordadvocate.com/,Newspaper/Magazine,79,"Stamford, CT",CT
542,Stamford Plus,http://www.stamfordplus.com/,Newspaper/Magazine,79,"Stamford, CT",CT
34,WQCK-FM1 105.9 105.9/106.9 Lion Country's Rock Station,http://1059qwikrock.com/,Radio Station,80,"State College, PA",PA
152,Onward State,http://onwardstate.com/,Online Only,80,"State College, PA",PA
219,Voices of Central Pennsylvania,http://voicesweb.org/,Newspaper/Magazine,80,"State College, PA",PA
235,W42DG-D Channel 42,http://wjactv.com/,TV Station,80,"State College, PA",PA
241,W36BE-D Channel 36,http://wnep.com/,Radio Station,80,"State College, PA",PA
324,Centre Daily Times,http://www.centredaily.com/,Newspaper/Magazine,80,"State College, PA",PA
328,Daily Collegian,http://www.collegian.psu.edu/,Newspaper/Magazine,80,"State College, PA",PA
366,W268BB 101.5 Family Life Network,http://www.fln.org/,Radio Station,80,"State College, PA",PA
371,WFGE 101.1 Froggy 101,http://www.froggy101fm.com/,Radio Station,80,"State College, PA",PA
519,WRYV-FM1 88.7 Central Pennsylvania's RevFM,http://www.revfm.net/,Radio Station,80,"State College, PA",PA
543,StateCollege.com,http://www.statecollege.com/,Online Only,80,"State College, PA",PA
544,State College Magazine,http://www.statecollegemagazine.com/,Newspaper/Magazine,80,"State College, PA",PA
564,WKPS 90.7 The Lion 90.7 FM,http://www.thelion.fm/,Radio Station,80,"State College, PA",PA
18,Valley Magazine,http://www.valleymagazinepsu.com/,Newspaper/Magazine,80,"State College, PA",PA
603,WHVL-LD Channel 27,http://www.whvl.com/,TV Station,80,"State College, PA",PA
629,WRSC 1390 NewsRadio 1390,http://www.wrscfm.com/,Radio Station,80,"State College, PA",PA
35,KSTN 105.9,http://1059thebull.com/,Radio Station,81,"Stockton, CA",CA
69,Central Valley Business Journal,http://cvbj.biz/,Newspaper/Magazine,81,"Stockton, CA",CA
92,KWG 1230,http://ihradio.com/,Radio Station,81,"Stockton, CA",CA
124,Latino Times,http://latinotimes.org/,Newspaper/Magazine,81,"Stockton, CA",CA
181,KWSX 1280,http://powertalk1280.iheart.com/,Radio Station,81,"Stockton, CA",CA
295,KJOY 99.3,http://www.993kjoy.com/,Radio Station,81,"Stockton, CA",CA
320,Caravan News,http://www.caravannews.com/,Online Only,81,"Stockton, CA",CA
362,K287BS 105.3,http://www.familyradio.com/,Radio Station,81,"Stockton, CA",CA
433,KWDC-LP 93.5,http://www.kwdcradio.org/,Radio Station,81,"Stockton, CA",CA
436,KYCC 90.1,http://www.kycc.org/,Radio Station,81,"Stockton, CA",CA
518,The Record,http://www.recordnet.com/,Newspaper/Magazine,81,"Stockton, CA",CA
657,Bilingual Weekly,https://bilingualweekly.wordpress.com/,Newspaper/Magazine,81,"Stockton, CA",CA
176,Strongsville Patch,http://patch.com/ohio/strongsville,Online Only,82,"Strongsville, OH",OH
647,Surprise Today,http://www.yourwestvalley.com/your_town/surprise/,Newspaper/Magazine,83,"Surprise, AZ",AZ
111,KOSY 790 Rejoice Musical Soul Food,http://kosy790am.com/,Radio Station,84,"Texarkana, AR",AR
426,KTEV-LP Channel 19,http://www.ktev-tv.com/,TV Station,84,"Texarkana, AR",AR
427,KTOY 104.7 Jammin' 104,http://www.ktoy1047.com/,Radio Station,84,"Texarkana, AR",AR
106,KKYR-FM 102.5 Kicker 102.5,http://kkyr.com/,Radio Station,NA,"Texarkana, TX",TX
116,KTXK 91.5 Fine Arts Radio,http://ktxk.org/,Radio Station,NA,"Texarkana, TX",TX
215,TXKtoday,http://txktoday.com/,Online Only,NA,"Texarkana, TX",TX
264,K257FY 101.7 Hot FM,http://www.1017hotfm.com/,Radio Station,NA,"Texarkana, TX",TX
294,KTAL-FM 98.1 98 Rocks - Home of Rock 'n' Roll,http://www.98rocks.fm/,Radio Station,NA,"Texarkana, TX",TX
306,KTAL-TV Channel 15,http://www.arklatexhomepage.com/,TV Station,NA,"Texarkana, TX",TX
553,Texarkana Gazette,http://www.texarkanagazette.com/,Newspaper/Magazine,NA,"Texarkana, TX",TX
554,KTFS 740 Talk Radio 740,http://www.texarkanaradio.com/,Radio Station,NA,"Texarkana, TX",TX
654,Thornton's YourHub.com,http://yourhub.denverpost.com/blog/category/adams-county/thornton/,Online Only,85,"Thornton, CO",CO
375,Tracy Press,http://www.goldenstatenewspapers.com/tracy_press/,Newspaper/Magazine,86,"Tracy, CA",CA
413,KKIQ-FM2 101.7 Your Hometown Station,http://www.kkiq.com/,Radio Station,86,"Tracy, CA",CA
579,KMIX 100.9 Radio Tricolor,http://www.tricolor1009.com/,Radio Station,86,"Tracy, CA",CA
203,Fault Lines,http://strikeslip.blogspot.com/,Online Only,87,"Utica, NY",NY
216,Utica Phoenix,http://uticaphoenix.net/,Newspaper/Magazine,87,"Utica, NY",NY
234,WIBX 950,http://wibx950.com/,Radio Station,87,"Utica, NY",NY
326,WFXV Channel 27,http://www.cnyhomepage.com/,TV Station,87,"Utica, NY",NY
357,WTLB 1310,http://www.espncny.com/,Radio Station,87,"Utica, NY",NY
493,Nowiny Rekord,http://www.nowiny24.pl/,Newspaper/Magazine,87,"Utica, NY",NY
16,WPNR-FM 90.7 Power 90.7 FM,http://www.utica.edu/student/activities/organizations/wpnr/index.cfm,Radio Station,87,"Utica, NY",NY
17,Observer-Dispatch,http://www.uticaod.com/,Newspaper/Magazine,87,"Utica, NY",NY
591,W22DO-D Channel 22,http://www.wcny.org/,TV Station,87,"Utica, NY",NY
613,WKTV Channel 29,http://www.wktv.com/,TV Station,87,"Utica, NY",NY
630,WRVN 91.9 Public Radio Music Source,http://www.wrvo.com/,Radio Station,87,"Utica, NY",NY
636,WUSP 1550,http://www.wuspfm.com/,Radio Station,87,"Utica, NY",NY
637,WUTQ-FM 100.7,http://www.wutqfm.com/,Radio Station,87,"Utica, NY",NY
117,KVCB-LP Vacaville Christian Schools (100.9),http://kvcb-online.com/,Radio Station,88,"Vacaville, CA",CA
429,KUIC (95.3),http://www.kuic.com/,Radio Station,88,"Vacaville, CA",CA
571,Reporter,http://www.thereporter.com/,Newspaper/Magazine,88,"Vacaville, CA",CA
128,Valley Stream Herald,http://liherald.com/valleystream/,Newspaper/Magazine,89,"Valley Stream, NY",NY
417,KFAZ-CA Channel 18 Azteca America,http://www.kmsgtv.com/,TV Station,90,"Visalia, CA",CA
418,KNXT Channel 50 Catholic Television,http://www.knxt.tv/,TV Station,90,"Visalia, CA",CA
431,KVLP-LP 101.5,http://www.kvlp.org/,Radio Station,90,"Visalia, CA",CA
476,K248BX 97.5 My 97.5,http://www.my975fm.com/,Radio Station,90,"Visalia, CA",CA
481,KARM 89.7 Promise FM,http://www.mypromisefm.com/,Radio Station,90,"Visalia, CA",CA
508,KSEQ 97.1 Fresno's #1 Hip-Hop Station,http://www.q97.com/,Radio Station,90,"Visalia, CA",CA
20,Visalia Times-Delta,http://www.visaliatimesdelta.com/,Newspaper/Magazine,90,"Visalia, CA",CA
287,KGMZ-FM1 95.7 The Game,http://www.957thegame.com/,Radio Station,91,"Walnut Creek, CA",CA
296,KMVQ-FM3 99.7 Now,http://www.997now.com/,Radio Station,91,"Walnut Creek, CA",CA
330,Contra Costa Times,http://www.contracostatimes.com/,Newspaper/Magazine,91,"Walnut Creek, CA",CA
412,KKDV 92.1 Diablo Valley's Hometown Station,http://www.kkdv.com/,Radio Station,91,"Walnut Creek, CA",CA
524,Rossmoor News,http://www.rossmoornews.com/,Newspaper/Magazine,91,"Walnut Creek, CA",CA
291,WJTI 1460,http://www.979radio.com/,Radio Station,92,"West Allis, WI",WI
595,West Allis NOW,http://www.westallisnow.com/,Newspaper/Magazine,92,"West Allis, WI",WI
25,West Bend Current,https://westbendcurrent.com/,Online Only,93,"West Bend, WI",WI
394,KALI Radio Zion,http://www.kali900am.com/,Radio Station,94,"West Covina, CA",CA
488,The News-Herald,http://www.news-herald.com/,Newspaper/Magazine,95,"Willoughby, OH",OH
138,K270AB 101.9,http://minnesota.publicradio.org/radio/stations/kzseklse/,Radio Station,96,"Winona, MN",MN
405,K203BR 88.5 Beautiful Sacred Music,http://www.kfsi.org/,Radio Station,96,"Winona, MN",MN
423,KQAL 89.5 Your Radio Alternative,http://www.kqal.org/,Radio Station,96,"Winona, MN",MN
605,Winona Daily News,http://www.winonadailynews.com/,Newspaper/Magazine,96,"Winona, MN",MN
606,Winona Post,http://www.winonapost.com/,Newspaper/Magazine,96,"Winona, MN",MN
607,KWNO 1230 AM 12 3 Oh,http://www.winonaradio.com/,Radio Station,96,"Winona, MN",MN
175,Woodbury Patch,http://patch.com/minnesota/woodbury,Online Only,97,"Woodbury, MN",MN
622,Woodbury Bulletin,http://www.woodburybulletin.com/,Newspaper/Magazine,97,"Woodbury, MN",MN
168,Woodstock-Towne Lake Patch,http://patch.com/georgia/woodstock,Online Only,98,"Woodstock, GA",GA
286,W265AV 100.9 The Bull,http://www.949thebull.com/,Radio Station,98,"Woodstock, GA",GA
578,Cherokee Trubine & Ledger-News,http://www.tribuneledgernews.com/local_news/,Newspaper/Magazine,98,"Woodstock, GA",GA
353,El Informador,http://www.elinformadorusa.com/,Online Only,99,"Wyoming, MI",MI
640,WYGR 1530 The Pulse of the City,http://www.wygr.net/,Radio Station,99,"Wyoming, MI",MI
651,WZZM My Town,http://wyoming.wzzm13.com/,Online Only,99,"Wyoming, MI",MI
151,KYVT 88.5  Northwest Public Radio,http://nwpr.org/,Radio Station,100,"Yakima, WA",WA
267,KXDD 104.1 12 in a Row Country,http://www.1041kxdd.com/,Radio Station,100,"Yakima, WA",WA
274,KUTI 1460 ESPN Yakima,http://www.1460espnyakima.com/,Radio Station,100,"Yakima, WA",WA
400,KDNA 91.9 La Voz del Campesino,http://www.kdna.org/,Radio Station,100,"Yakima, WA",WA
404,KFFM 107.3 Today's Hit Music,http://www.kffm.com/,Radio Station,100,"Yakima, WA",WA
435,KYAK 930 Yakima's Christian Voice,http://www.kyak.com/,Radio Station,100,"Yakima, WA",WA
487,KHHK 99.7 Hot 99.7,http://www.newhot997.com/,Radio Station,100,"Yakima, WA",WA
504,KYPL 91.1 Positive Life Radio,http://www.plr.org/,Radio Station,100,"Yakima, WA",WA
559,KBBO 1390 The Fan,http://www.thefanyakima.com/,Radio Station,100,"Yakima, WA",WA
562,KRSE 105.7 The Hawk,http://www.thehawkyakima.com/,Radio Station,100,"Yakima, WA",WA
643,Yakima Herald-Republic,http://www.yakimaherald.com/,Newspaper/Magazine,100,"Yakima, WA",WA
644,Yakima Magazine,http://www.yakimamagazine.com/,Newspaper/Magazine,100,"Yakima, WA",WA
9,NA,http://denver.yourhub.com/Thornton,Online Only,85,"Thornton, CO",CO
15,NA,http://www.univision.com/musica,Radio Station,94,"West Covina, CA",CA
31,NA,http://1013.iheart.com/,Radio Station,91,"Walnut Creek, CA",CA
37,NA,http://590kid.com/,Radio Station,70,"Rexburg, ID",ID
50,NA,http://b945live.com/,Radio Station,80,"State College, PA",PA
53,NA,http://big983indy.iheart.com/,Radio Station,67,"Plainfield, IN",IN
54,NA,http://bigfrog104.com/,Radio Station,87,"Utica, NY",NY
59,NA,http://byuidahoradio.org/,Radio Station,70,"Rexburg, ID",ID
71,NA,http://delawarepublic.org/,Radio Station,21,"Dover, DE",DE
73,NA,http://denversports760.iheart.com/,Radio Station,85,"Thornton, CO",CO
76,NA,http://etvradio.org/#stream/0,Radio Station,71,"Rock Hill, SC",SC
79,NA,http://foxsportstexarkana.com/,Radio Station,NA,"Texarkana, TX",TX
98,NA,http://katsfm.com/,Radio Station,100,"Yakima, WA",WA
107,NA,http://kmel.iheart.com/,Radio Station,91,"Walnut Creek, CA",CA
110,NA,http://kolu.com/,Radio Station,100,"Yakima, WA",WA
119,NA,http://kygl.com/,Radio Station,84,"Texarkana, AR",AR
122,NA,http://lapreciosa929.iheart.com/,Radio Station,90,"Visalia, CA",CA
129,NA,http://lite987.com/,Radio Station,87,"Utica, NY",NY
130,KITS-FM4,http://live105.cbslocal.com/,Radio Station,91,"Walnut Creek, CA",CA
133,NA,http://mega100fm.iheart.com/,Radio Station,81,"Stockton, CA",CA
145,NA,http://new.tabernaculodelafeyakima.org/,2 and 3,100,"Yakima, WA",WA
146,NA,http://newstalkkit.com/,Radio Station,100,"Yakima, WA",WA
183,NA,http://powertalk967.iheart.com/,Radio Station,90,"Visalia, CA",CA
194,NA,http://southsidebaptistrh.org/,Radio Station,71,"Rock Hill, SC",SC
195,NA,http://spirit889.com/,Radio Station,90,"Visalia, CA",CA
220,WZGL FM 88.1,http://wbgl.org/,Radio Station,22,"East St. Louis, IL",IL
225,NA,http://wdov.iheart.com/,Radio Station,21,"Dover, DE",DE
227,NA,http://welw.com/,Radio Station,95,"Willoughby, OH",OH
231,NA,http://wgrc.com/,Radio Station,80,"State College, PA",PA
236,NA,http://wjti1640.com,Radio Station,92,"West Allis, WI",WI
248,NA,http://wour.com/,Radio Station,87,"Utica, NY",NY
249,NA,http://wpsu.org/,Radio Station,80,"State College, PA",PA
261,NA,http://wtlr.org/,Radio Station,80,"State College, PA",PA
262,NA,http://wvik.org/#stream/0,Radio Station,72,"Rock Island, IL",IL
299,K214DN 90.7 Air 1,http://www.air1.com/,Radio Station,100,"Yakima, WA",WA
322,NA,http://www.ccyakimavalley.com/the-bridge-of-hope/,Radio Station,100,"Yakima, WA",WA
338,K268AS 101.5 FM,http://www.csnradio.com/,Radio Station,100,"Yakima, WA",WA
360,NA,http://www.estlmonitor.com,Newspaper/Magazine,NA,DUPLICATE ENTRY,RY
367,NA,http://www.foreverstatecollege.com/espn-1450/,Radio Station,80,"State College, PA",PA
368,NA,http://www.foreverstatecollege.com/happy-103/,Radio Station,80,"State College, PA",PA
380,NA,http://www.grcmc.org/wyce/,Radio Station,99,"Wyoming, MI",MI
513,NA,http://www.radioamistad.net/ra/,Radio Station,NA,"Texarkana, TX",TX
526,WNSC Channel 30,http://www.scetv.org/,TV Station,76,"Spartanburg, SC",SC
549,K40KB Channel 40,http://www.tbn.org/,TV Station,13,"Bozeman, MT",MT
587,NA,http://www.wbkv.com/,Radio Station,93,"West Bend, WI",WI
596,NA,http://www.wexl1340.com/,Radio Station,73,"Royal Oak, MI",MI
620,NA,http://www.woli-am.com,Radio Station,76,"Spartanburg, SC",SC
621,NA,http://www.woli-fm.com,Radio Station,76,"Spartanburg, SC",SC
626,NA,http://www.wqjcfm.com,Radio Station,69,"Quincy, IL",IL
649,NA,http://www2.isu.edu/kisufm/,Radio Station,70,"Rexburg, ID",ID
